{"file_hashes":[{"block_hashes":["3fFoWaFfPrMzTWJBl1yjmIrD6vw9lkUqw6Sv02RMhVA="],"block_size":4096,"path":"_locales/be/messages.json"},{"block_hashes":["pIJmMpKpE7AqnN5GNcfJInC/PIcm/SdEddwsSQAZp8k="],"block_size":4096,"path":"_locales/cy/messages.json"},{"block_hashes":["pBZw1SQjumnHpl5+FT57mZTo3QNwxYS9oHFL1hxJxXg="],"block_size":4096,"path":"_locales/eu/messages.json"},{"block_hashes":["mJBxDfD78dtBvOQf4vYkJKO9OddV0p6Cl0TtPaDCzh0="],"block_size":4096,"path":"_locales/gl/messages.json"},{"block_hashes":["Cxbj+L2QSnZyhDRa6GoKmSfEev6J4F6isTrYAAm9+eQ="],"block_size":4096,"path":"_locales/hy/messages.json"},{"block_hashes":["lD5hmIyFm7CI9UiInwRJiFUl3WYGJqibpnsslM+/uxs="],"block_size":4096,"path":"_locales/is/messages.json"},{"block_hashes":["u7gcMvSCujIWybEYnHDO85yowhga81OP+ge0xq1S8Go="],"block_size":4096,"path":"_locales/iw/messages.json"},{"block_hashes":["MImLv1G91Y2zl/94DwYeM0MaOO9c/CiLUXfs92s5nyY="],"block_size":4096,"path":"_locales/ka/messages.json"},{"block_hashes":["VI3GyW4xoWzjVdxVxkgzsI7z+6i/MxSQMbSmhZWeOvQ="],"block_size":4096,"path":"_locales/kk/messages.json"},{"block_hashes":["phGPCg3jKeB8AfU81vtP7UPlTF9T20zRx/WytNn7EOY="],"block_size":4096,"path":"_locales/km/messages.json"},{"block_hashes":["iQgvsFIpgmvCIvXSLBWCNfAl8ObfZ/8TWhi9iZ4Tu48="],"block_size":4096,"path":"_locales/lo/messages.json"},{"block_hashes":["YT2HUfbMnT+jGfS36osr077Tf9B3SCyoJZKd18Eqaag="],"block_size":4096,"path":"_locales/mn/messages.json"},{"block_hashes":["JDvvvWtnohQz3Ml9wacoiW06Bw3CAFXrBNZE4buVX+c="],"block_size":4096,"path":"_locales/my/messages.json"},{"block_hashes":["Fg4c1ZPJAccpHqTsunNRkdeT3f1+lkagVgSYYn9h2m8="],"block_size":4096,"path":"_locales/ne/messages.json"},{"block_hashes":["u9N9Qbfeb5OUj6JDenaZ1MMKPDnnNheXAvISyzajEzw="],"block_size":4096,"path":"_locales/pa/messages.json"},{"block_hashes":["VCQevmUag0QjXMR6/SdMCAq668jDolr7ldg3O2pWcKI="],"block_size":4096,"path":"_locales/si/messages.json"},{"block_hashes":["MPRM+tBS1z2G0S+iDPwRFWOjsuRSO0P31m2TS6jazpE="],"block_size":4096,"path":"_locales/zh_HK/messages.json"},{"block_hashes":["7Hjd1MzzK1127HAaIBZ8P70UbXmlBeT7BCH8Hlz0qmM="],"block_size":4096,"path":"_locales/zu/messages.json"},{"block_hashes":["bGnOD+b6sU8ZkKMg1wT+42LBdcAOtskiSqb0EQiRjKY="],"block_size":4096,"path":"dasherSettingSchema.json"},{"block_hashes":["ufotUqT/q7Q4tWGEExuJOwRlWwHzNgZkFdT+g57+ZOc="],"block_size":4096,"path":"offscreendocument.html"},{"block_hashes":["QDO/Hd5B3JtrcfDZ7zXqWy+C21NXgyBnWEPcTqGiCpw=","982e+4tb0MP76+yd+MBLwk4LE4gn3DY8Pu/FsAv48i8=","YBow8PJlWIlPyE7bHn8O5LKHqvm60bfOfzY06GcU1gY=","sQ578Hg4UQg7U2lcJUQ1VRrXRiOSsozeYVLowRKastg=","5Z+2RoKXGfgftM/g8znLcZzzqvQ8bQXGj6d3whMSeB4=","YSMfO3bsjwvjPZMe69oWNeyogEQynOyc/tZaMI5t7E0=","bpu8x6g6shn1XkvbIPSC5D5NvFY14lvvk4VENb3offY=","a66teWYfhcYOn0OXjC2euK+U5neKIkJmN0hXRk17BoM=","KSyWdkkF5icQc5gseV+MR5uNgNJAzcgAhs86XrjonGg=","5SLb8bBBnI1XuRk+8dphHhJH0KF2ze9C+cAR+ZYkiC8=","8OB8/VT8c1eIPtLesFzu6bz+uSZ816xOCXZ+mTfMt8E=","zkvjgdIFLZ3b76cpCl74ZTV9wJpcL1xnPFhayAlwGtg=","LrCyaWUNQVCs/mKWON7JTy5Y+NP/y/OXE20rGq3bAQ4=","uJwCIfXnT+BA6gIU1QQSSVbCnv19Ncj6iI2DiH9EVOE=","11hTl+B93HiyRXOtJ7jkPsQ5m3mVi51KwJ7WQOEVK2o=","y0e9E2br+bmZOC90OhDCciSxqYQmOkg+vZq9qDKyY5I=","7AvLjZMJiIVblSZ079DvZMzaRGM8uYay45aSP6xaUgw=","38QbHvvMbTgUOtuQAQr2sh4Dvnro8ksdtSRoGMz7tBU=","CpR9D+5IWJpDjGXAYgwPYw3u8ZbRSz8epF9fAbv7/ug=","sD7VHJ5jYLNfLEj+8j5rxV8uIF2be4UvDZMHBZ2rHV8=","SUQXONE7+esY1hoAR1mWKoBc1yHfToM1CrB2u9MqYTc=","Kq1UtOSjTsKEfP1SmZczAsfJYMFQr0hqLRCtyd/Q3mk=","/d94b8IPY1CVNp99ys0A17qmplkJ2UnYZinoNdJSlp8=","T9ZZe0zkX1cWXAQGbpFGXOP6rwe8OxjGL368hA1RGmA="],"block_size":4096,"path":"offscreendocument_main.js"},{"block_hashes":["c+OIjMvI4EJcPS+NHmpyEfeRCADu3nseI61D07IRc/c="],"block_size":4096,"path":"page_embed_script.js"},{"block_hashes":["v3LvMAtqglWuTfvu+8Wc/hcNg4Ncys7sFqpFkMcXV4o=","Papy5b2u7fu6Dfm2WNNjoWjE/IoXS/ESh/VIOttaCzI=","9b5M2BwB4zwbkyzEAjrwq33zG5ggiM3wRKVORAmrEZ8=","KSmtrvV4/hStj8gzrsDuDaaWrLg8O1/0RIeUA0a94SA=","Z5WJIyZjakHcKs4QOUF5Gv3oX+aPlAQRLAyVnFhhiP8=","EFGDyCn2ry0YNjQyjI0qUnehbHDh8g2QWgceXVKqZz0=","+8tZM+4pdThw4k/CUh9t1hyvHNh5BbrPy1fbeoihV30=","aYiZSBCbiepSJ0Lf8Ia7AuKQHOH/62wuXeU1M/Qfo18=","q8XlCPd1bLFtz3iu9ARUOQk2tuSONAvysF96MkbNsC8=","joDQLFEATAVBT5An4wjG/2vQ+zp142J3evyozgyt2OI=","XZPExbJFhzgsg3dUHrOymd1BnxfNerFAPQZekBjfpYM=","KAgdjEt7ArtXdgZEFUADEbL8Xn8gO5wWEViKNrpr7UM=","Gs/5/Q+bepskFS8nli2PvS9Jpa8Jvp3haORn2x12oFM=","zy8s+Ulm8atsKe3Hw2ZvnqfviwO/dK1OJtyrFJ0ygJc=","bshHIl6RCBrJlfMfgjCLyQ3O0yZRNqdisq9PZMY/r8s=","hdBd0VX2IA9z/tvB1Fs+q5WelDqDpqmJfPtaAelQ5Fg=","KXs38t4YRR/JP/2yG3+4Wxjzm4Ko0ZRAXag/dSjUpD8=","q9Dyf2PNg5Kbon8ix3/ySnTGnMv3yApav6cdLEU+C0c=","STGLnWNoNRpvyvCyRGn2slrDcuOZx/KheMRyOdPwx5I=","KpJWUoZo4tN7kVGoY/iAJHsFRqGViaBJT4AcOSb1mI0=","uAEH7qNdZSeKqxW9k8FFwjWzCB8gCzHUsPXTR0Srr3g=","R/YAekeZdtsoDsLjICcP4bau037ItNhoZ6A3wB8s830=","tApAbanPDaHwtiT7D93A4KQxaP3T0b29pT5GAC08bac=","PSwxLAa6+c6i7Hw2AZ9zUYKz15lsFFyKkfJqrjmHoto=","t1Jx9IJYOBJuUTE4c6yCwm8/g4Z2FXxYFArOx+5BeO4=","DyvIbdztjVPwODU+0u5OrMNdcS2WiJPC8Dv60SJqOVw="],"block_size":4096,"path":"service_worker_bin_prod.js"}],"version":2}